{"cameraMode":{"drawMode":0,"name":"Shaded","section":"Shading Mode"},"sceneLighting":true,"audioPlay":false,"sceneViewState":{"m_AlwaysRefresh":false,"showFog":true,"showSkybox":true,"showFlares":true,"showImageEffects":true,"showParticleSystems":true,"showVisualEffectGraphs":true,"m_FxEnabled":true},"in2DMode":false,"pivot":{"x":0.745121955871582,"y":0.15593677759170533,"z":-2.380199670791626},"rotation":{"x":-0.058564554899930957,"y":-0.9277780055999756,"z":0.16481176018714906,"w":-0.32964447140693667},"size":2.817898750305176,"orthographic":false}